asset,BND,SPY,TSLA
BND,0.0028694689681879773,0.0010128767882640996,0.001667212213938885
SPY,0.0010128767882640996,0.031568795702257235,0.05017239102078285
TSLA,0.001667212213938885,0.05017239102078285,0.33284031167983047
