asset,mu_annual
BND,0.020433766477404126
SPY,0.14285010476067125
TSLA,0.35057822689751306
